<?xml version="1.0" encoding="UTF-8"?>
<beans xmlns="http://www.springframework.org/schema/beans"
	xmlns:xsi="http://www.w3.org/2001/XMLSchema-instance" xmlns:int="http://www.springframework.org/schema/integration"
	xmlns:int-sftp="http://www.springframework.org/schema/integration/sftp"
	xsi:schemaLocation="http://www.springframework.org/schema/beans http://www.springframework.org/schema/beans/spring-beans.xsd
		http://www.springframework.org/schema/integration http://www.springframework.org/schema/integration/spring-integration.xsd
		http://www.springframework.org/schema/integration/sftp http://www.springframework.org/schema/integration/sftp/spring-integration-sftp.xsd">

	<bean id="sftpSessionFactory"
		class="org.springframework.integration.file.remote.session.CachingSessionFactory">
		<constructor-arg ref="defaultSftpSessionFactory" />
	</bean>

	<bean id="defaultSftpSessionFactory"
		class="org.springframework.integration.sftp.session.DefaultSftpSessionFactory">
		<property name="host" value="${batch.sftp.remote.host}" />
		<property name="port" value="${batch.sftp.remote.port}" />
		<property name="user" value="${batch.sftp.remote.username}" />
		<property name="password" value="${batch.sftp.remote.password}" />
	</bean>

	<int:channel id="outputChannel" />

	<int:channel id="expressInputChannel">
		<int:queue />
	</int:channel>

	<int:channel id="normalInputChannel">
		<int:queue />
	</int:channel>

	<int-sftp:outbound-channel-adapter
		id="sftpOutputAdapter" session-factory="sftpSessionFactory" channel="outputChannel"
		remote-filename-generator-expression="payload.getName()+'.TXT'"
		remote-directory="${batch.sftp.remote.output.dir}" />

	<int-sftp:inbound-channel-adapter id="expressSftpInbondAdapter"
		auto-startup="false" channel="expressInputChannel" session-factory="defaultSftpSessionFactory"
		local-directory="${batch.sftp.local.dir.received}" remote-directory="${batch.sftp.remote.input.dir}"
		auto-create-local-directory="false" delete-remote-files="false"
		filter="expressResponseFileFilter">
		<int:poller fixed-rate="${batch.sftp.file.time.to.wait}" />
	</int-sftp:inbound-channel-adapter>

	<int-sftp:inbound-channel-adapter id="normalSftpInbondAdapter"
		auto-startup="false" channel="normalInputChannel" session-factory="defaultSftpSessionFactory"
		local-directory="${batch.sftp.local.dir.received}" remote-directory="${batch.sftp.remote.input.dir}"
		auto-create-local-directory="false" delete-remote-files="false"
		filter="normalResponseFileFilter">
		<int:poller fixed-rate="${batch.sftp.file.time.to.wait}" />
	</int-sftp:inbound-channel-adapter>

</beans>
