<?xml version="1.0" encoding="UTF-8"?>
<beans xmlns="http://www.springframework.org/schema/beans"
	xmlns:xsi="http://www.w3.org/2001/XMLSchema-instance" xmlns:p="http://www.springframework.org/schema/p"
	xmlns:lang="http://www.springframework.org/schema/lang" xmlns:context="http://www.springframework.org/schema/context"
	xmlns:tx="http://www.springframework.org/schema/tx" xmlns:util="http://www.springframework.org/schema/util"
	xsi:schemaLocation="
       http://www.springframework.org/schema/beans http://www.springframework.org/schema/beans/spring-beans.xsd
       http://www.springframework.org/schema/util http://www.springframework.org/schema/util/spring-util.xsd
       http://www.springframework.org/schema/context http://www.springframework.org/schema/context/spring-context.xsd       
       http://www.springframework.org/schema/tx http://www.springframework.org/schema/tx/spring-tx.xsd ">

	
	<bean id="dataSource"
		class="org.springframework.jdbc.datasource.DriverManagerDataSource">
		<property name="url" value="${batch.jdbc.url}" />
		<property name="driverClassName" value="com.mysql.jdbc.Driver" />
		<property name="username" value="${batch.jdbc.username}" />
		<property name="password" value="${batch.jdbc.password}" />
	</bean>


	<bean id="sessionFactory"
		class="org.springframework.orm.hibernate3.annotation.AnnotationSessionFactoryBean">
		<property name="configLocation" value="classpath:hibernate.cfg.xml" />
		<property name="packagesToScan" value="com.nets.sg.npx.core.persistence.entity" />
		<property name="schemaUpdate" value="false" />
		<property name="dataSource" ref="dataSource"></property>
	</bean>


	<tx:annotation-driven />

	<bean id="transactionManager"
		class="org.springframework.orm.hibernate3.HibernateTransactionManager">
		<property name="sessionFactory" ref="sessionFactory" />

	</bean>
	
	 
</beans>