<?xml version="1.0" encoding="UTF-8"?>
<beans xmlns="http://www.springframework.org/schema/beans"
	xmlns:xsi="http://www.w3.org/2001/XMLSchema-instance" xmlns:context="http://www.springframework.org/schema/context"
	xmlns:task="http://www.springframework.org/schema/task"
	xsi:schemaLocation="http://www.springframework.org/schema/beans http://www.springframework.org/schema/beans/spring-beans.xsd
    http://www.springframework.org/schema/context http://www.springframework.org/schema/context/spring-context.xsd
    http://www.springframework.org/schema/task http://www.springframework.org/schema/task/spring-task.xsd">

	<bean
		class="org.jasypt.spring31.properties.EncryptablePropertyPlaceholderConfigurer">
		<constructor-arg ref="configurationEncryptor" />

		<property name="locations">
			<list>
				<value>classpath:batch.properties</value>
				<value>classpath:batch-sftp.properties</value>
				<value>classpath:batch-email.properties</value>
			</list>
		</property>
	</bean>

	<bean id="configurationEncryptor" class="org.jasypt.encryption.pbe.StandardPBEStringEncryptor">
		<property name="config" ref="environmentVariablesConfiguration" />
	</bean>

	<bean id="environmentVariablesConfiguration"
		class="org.jasypt.encryption.pbe.config.EnvironmentStringPBEConfig">
		<property name="algorithm" value="PBEWithMD5AndDES" />
		<property name="passwordEnvName" value="BATCH_ENCRYPTION_PASSWORD" />
	</bean>


	<bean class="com.nets.sg.npx.core.util.PropertyUtil">
		<property name="locations">
			<list>
				<value>classpath:batch.properties</value>
				<value>classpath:batch-email.properties</value>
			</list>
		</property>
	</bean>

	<context:component-scan base-package="com.nets.sg.npx.core,com.nets.sg.npx.batch" />

	<import resource="batch-dao.xml" />

	<import resource="batch-sftp.xml" />

	<import resource="batch-mail.xml" />

	<import resource="batch-schedule.xml" />

</beans>