<?xml version="1.0" encoding="UTF-8" ?>
<!DOCTYPE log4j:configuration SYSTEM "log4j.dtd">
<log4j:configuration debug="true"
	xmlns:log4j='http://jakarta.apache.org/log4j/'>

	<appender name="consoleAppender" class="org.apache.log4j.ConsoleAppender">
		<layout class="org.apache.log4j.PatternLayout">
			<param name="ConversionPattern" value="%d{dd MMM yyyy HH:mm:ss} %C %5p %c{1} - %m%n" />
		</layout>
	</appender>
	<appender name="errorFileAppender" class="org.apache.log4j.DailyRollingFileAppender">
		<param name="append" value="true" />
		<param name="datePattern" value="'.'yyyyMMdd" />
		<param name="file" value="log/npx-batch-uob.err.log" />
		<layout class="org.apache.log4j.PatternLayout">
			<param name="conversionPattern" value="%d{dd MMM yyyy HH:mm:ss} %5p %c{1} - %m%n" />
		</layout>
		<filter class="org.apache.log4j.varia.LevelMatchFilter">
			<param name="levelToMatch" value="ERROR" />
			<param name="acceptOnMatch" value="true" />
		</filter>
		<filter class="org.apache.log4j.varia.DenyAllFilter" />
	</appender>

	<appender name="debugFileAppender" class="org.apache.log4j.DailyRollingFileAppender">
		<param name="append" value="true" />
		<param name="datePattern" value="'.'yyyyMMdd" />
		<param name="file" value="log/npx-batch-uob.debug.log" />
		<layout class="org.apache.log4j.PatternLayout">
			<param name="conversionPattern" value="%d{dd MMM yyyy HH:mm:ss} %5p %c{1} - %m%n" />
		</layout>
		<filter class="org.apache.log4j.varia.LevelRangeFilter">
			<param name="levelMax" value="INFO" />
			<param name="levelMin" value="TRACE" />
			<param name="acceptOnMatch" value="true" />
		</filter>
		<filter class="org.apache.log4j.varia.DenyAllFilter" />
	</appender>
	<logger name="org.hibernate">
		<level value="DEBUG" />
	</logger>
	<logger name="org.hibernate.type">
		<level value="TRACE" />
	</logger>

	<logger name="org.springframework">
		<level value="INFO" />
	</logger>

	<root>
		<priority value="DEBUG" />
		<appender-ref ref="consoleAppender" />
		<appender-ref ref="debugFileAppender" />
		<appender-ref ref="errorFileAppender" />
	</root>

</log4j:configuration>
