<assembly>
	<id></id>
	<formats>
		<format>tar.gz</format>
	</formats>
	<includeBaseDirectory>false</includeBaseDirectory>


	<dependencySets>
		<dependencySet>
			<unpack>false</unpack>
			<outputDirectory>lib</outputDirectory>
			<excludes>
				<exclude>com.nets.sg.npx:npx-parent</exclude>
				<exclude>com.nets.sg.npx.batch:${project.artifactId}</exclude>
			</excludes>
		</dependencySet>
	</dependencySets>

	<fileSets>
		<fileSet>
			<directory>${project.build.directory}</directory>
			<outputDirectory>/</outputDirectory>
			<includes>
				<include>${project.artifactId}.jar</include>
			</includes>
		</fileSet>
		<fileSet>
			<directory>src/main/resources</directory>
			<outputDirectory>conf</outputDirectory>
			<includes>
				<include>log4j.xml</include>
				<include>batch.properties</include>
				<include>batch-sftp.properties</include>
				<include>batch-email.properties</include>
			</includes>
		</fileSet>
		<fileSet>
			<directory>src/main/resources</directory>
			<outputDirectory>conf</outputDirectory>
			<includes>
				<include>template/*.vm</include>
			</includes>
		</fileSet>
		<fileSet>
			<directory>src/shell</directory>
			<outputDirectory>/</outputDirectory>
			<includes>
				<include>**/*.sh</include>
			</includes>
			<lineEnding>unix</lineEnding>
			<fileMode>0755</fileMode>
		</fileSet>
		<fileSet>
			<directory>src/main/resources</directory>
			<outputDirectory>/log</outputDirectory>
			<excludes>
				<exclude>**/*</exclude>
			</excludes>
		</fileSet>

		<fileSet>
			<directory>src/main/resources</directory>
			<outputDirectory>/file/failed</outputDirectory>
			<excludes>
				<exclude>**/*</exclude>
			</excludes>
		</fileSet>

		<fileSet>
			<directory>src/main/resources</directory>
			<outputDirectory>/file/generated</outputDirectory>
			<excludes>
				<exclude>**/*</exclude>
			</excludes>
		</fileSet>

		<fileSet>
			<directory>src/main/resources</directory>
			<outputDirectory>/file/processed</outputDirectory>
			<excludes>
				<exclude>**/*</exclude>
			</excludes>
		</fileSet>
		<fileSet>
			<directory>src/main/resources</directory>
			<outputDirectory>/file/received</outputDirectory>
			<excludes>
				<exclude>**/*</exclude>
			</excludes>
		</fileSet>
		<fileSet>
			<directory>src/main/resources</directory>
			<outputDirectory>/file/sent</outputDirectory>
			<excludes>
				<exclude>**/*</exclude>
			</excludes>
		</fileSet>
	</fileSets>
</assembly>